"agua_prog_id_serial","agua_prog_folio","agua_prog_nom_rasgo","agua_prog_ambito"
"7","03008","PRODI","3"
"8","03008","PRODDER","3"
"9","03009","PROGRAMA DE CULTURA DEL AGUA (PROAGUA)","3"
"10","03001","PROAGUA","3"
"21","24021","USO Y MEDICIÓN DEL AGUA","3"
"41","24050","CULTURA DEL AGUA","3"
"72","03003","PROGRAMA DE INCENTIVOS PARA LA OPERACIÓN DE LA PLANTA DE TRATAMIENTO DE AGUAS RESIDUALES PROTAR","3"
"73","24020","AGUA LIMPIA","3"
"81","27017","CULTURA DEL AGUA","3"
"87","03002","FAIS","3"
"88","03002","FOIS","1"
"89","03002","PROAGUA, APARTADO URBANO (APAUR)","3"
"90","03002","PROGRAMA DE TRATAMIENTO DE AGUAS RESIDUALES (PROSAN)","3"
"92","27016","CULTURA DEL AGUA","3"
"101","27002","CULTURA DEL AGUA","3"
"106","30071","PRODDER","3"
"107","30071","ESPACIO DE CULTURA DEL AGUA","3"
"108","24028","(APAUR) AGUA POTABLE, ALCANTAR. Y SANEAMIENTO EN ZONAS URBANAS","3"
"109","24028","(PRODDER) PROGRAMA DE DEVOLUCIÓN DE DERECHOS","3"
"110","27003","CULTURA DEL AGUA","3"
"111","27005","CULTURA DEL AGUA","3"
"112","27006","CULTURA DEL AGUA","3"
"121","27007","CULTURA DEL AGUA","3"
"122","27008","CULTURA DEL AGUA","3"
"123","27015","CULTURA DEL AGUA","3"
"124","27014","CULTURA DEL AGUA","3"
"125","27009","CULTURA DEL AGUA","3"
"126","27010","CULTURA DEL AGUA","3"
"127","27013","CULTURA DEL AGUA","3"
"128","27001","PRODDER","3"
"129","27001","PRODI","3"
"130","27001","APAU","3"
"131","27001","AAL","3"
"143","24035","PRODDER","3"
"144","24035","PROME","2"
"161","12060","GUARDIANES DEL AGUA","1"
"181","27012","PROSAN PTAR","3"
"182","20061","AGUA POTABLE","3"
"183","20406","CAPTACIÓN DE AGUAS PLUVIALES","2"
"201","20249","AGUA ENTUBADA","2"
"221","20565","PROAGUA","3"
"222","20565","AGUA LIMPIA","3"
"223","20397","PROGRAMA DE AGUA LIMPIA","3"
"224","20551","CONAGUA","3"
"226","18009","AGUA LIMPIA","3"
"227","18009","CULTURA DE AGUA","3"
"228","20447","CUIDEN EL AGUA COMO SI FUERA SU FAMILIA","1"
"230","20447","TALLERES SOBRE CUIDADO DEL AGUA","1"
"231","20281","AMPLEACIÓN DEL SISTEMA DE AGUA POTABLE","2"
"241","18012","CULTURA DE AGUA","3"
"261","18001","CULTURA DEL AGUA","3"
"262","18001","AGUA LIMPIA","3"
"263","20461","BAÑOSECOLOGICOS","2"
"264","20461","BAÑOS ECOLOGICOS","1"
"265","20469","SEA","2"
"266","20002","CONCIENCIA USO RACIONAL DE AGUA","1"
"267","18017","AGUA LIMPIA","3"
"268","18002","AGUA LIMPIA","3"
"269","18005","ESPACIO DE CULTURA DE AGUA","3"
"270","06008","AGUA LIMPIA","3"
"271","06008","CULTURA DEL AGUA","2"
"272","06008","APAUR","3"
"273","06008","PROSAN","3"
"274","12029","CULTURA DEL AGUA","1"
"275","12029","AGUA LIMPIA","2"
"276","17018","PRODI","3"
"277","17018","PROAGUA","3"
"278","17018","PROSSAPYS","3"
"279","17018","APAZU","3"
"282","06001","PROGRAMA DE SANEAMIENTO DE AGUAS RESIDUALES","3"
"283","06001","PROGRAMA DE AGUA POTABLE ZONAS URBANAS","3"
"284","07101","PROGRAMA ""CUTURA DEL AGUA""","3"
"301","18008","PRODDER","3"
"322","15002","CULTURA DEL AGUA","3"
"325","05002","PRODDER","3"
"326","12035","CULTURA DEL AGUA","3"
"327","18010","PRODDER","3"
"328","18010","CULTURA DE AGUA","3"
"329","18010","AGUA LIMPIA","3"
"330","12037","ESPACIO DE CULTURA DEL AGUA","1"
"331","15058","PROGRAMA DE ACCIONES 2016 (PRODDER)","3"
"332","15058","POA 2016","1"
"333","15096","AGUA LIMPIA","2"
"334","15096","AGUA LIMPIA","3"
"335","12010","CULTURA DEL AGUA","3"
"336","30128","CULTURA DEL AGUA","3"
"337","12021","PLATICAS SOBRE EL USO Y CUIDADO DEL AGUA","1"
"338","12021","PAGO OPORTUNO","1"
"340","12021","DETECCION DE TOMAS CLANDESTINAS","1"
"342","07049","PLANTA DE TRATAMIENTO","2"
"343","07052","PRODDER","3"
"344","07078","TRATAMIENTO DE AGUAS RESIDUALES","3"
"345","07094","FORTALECIMIENTO DE LOS MECANISMOS DE PLANEACION Y MONITOREO","1"
"346","07094","CAPACITACIÓN DEL PERSONAL INSTITUCIONAL MUNICIPAL","1"
"347","06004","APARURAL","3"
"348","06004","APA-RURAL","3"
"349","12045","PROGRAMA DE CULTURA DEL AGUA.","3"
"350","14015","CULTURA DEL AGUA","3"
"351","14015","POA AUTLAN","1"
"352","26040","CUIDADO DEL AGUA","3"
"353","07032","ESPACIO DE CULTURA DEL AGUA","3"
"354","07032","ESPACIO DE CULTURA DEL AGUA","3"
"355","07032","ESPACIO DE CULTURA DEL AGUA","3"
"356","07037","AGUA CON CALIDAD BACTEOROLÓGICA","1"
"357","05018","PRODDER","3"
"358","05018","PRODI","3"
"359","05025","MICROMEDICIÓN","1"
"360","05034","AGUA LIMPIA","2"
"361","05035","PRODDER","3"
"381","15013","PLÁTICAS DE CULTURA DEL AGUA, REUTILIZAR, AGUA POTABLE, USOS Y CUIDADO AGUA TRATADA, AGUA GRIS.","1"
"384","15013","RECORRIDOS, VISITAS A LAS INSTALACIONES DEL ORGANISMO CON LA FINALIDAD DE CONOCER LAS ACTIVIDADES QUE REALIZA S.A.P.A.S.A. DÍA A DÍA.","1"
"401","02002","PROGRAMA DE DEVOLUCION DE DERECHOS ","3"
"402","02002","PROGRAMA DE TRATAMIENTO DE AGUAS RESIDUALES","3"
"403","02002","PROGRAMA DE AGUA POTABLE, ALCANTARILLADO Y SANEAMIENTO EN ZONAS URBANAS ","3"
"404","02002","PROGRAMA AGUA LIMPIA ","3"
"405","02002","PROGRAMA AL MEJORAMIENTO A LA EFICIENCIA ","3"
"406","15091","PROGRAMA DE CULTURA DEL AGUA","1"
"408","06009","CULTURA DEL AGUA","3"
"410","15120","PROGRAMA DE DEVOLUCION DE DERECHOS (PRODDER)","3"
"411","15120","PROGRAMA PARA EL DESARROLLO INTEGRAL DE ORGANISMOS OPERADORES DE AGUA (PRODI)","3"
"413","15057","PROSANEAR - PROGRAMA DE SANEAMIENTO DE AGUAS RESIDUALES","3"
"415","15039","FISMDF(2016)","3"
"416","17006","CULTURA DDEL AGUA","3"
"417","17006","PROSAN","3"
"418","17006","PRODI","3"
"419","17006","PROAGUA","3"
"420","17006","MANO CON MANO","1"
"421","12075","RAMO 33","3"
"422","12075","RAMO 26","3"
"442","26019","PLATICAS ESCOLARES","1"
"443","26019","PLATICAS ESCOLARES","2"
"444","26019","PLATICAS ESCOLARES","3"
"445","26019","PLATICAS COMUNITARIAS","1"
"446","26019","PLATICAS COMUNITARIAS","2"
"447","26019","PLATICAS COMUNITARIAS","3"
"448","26019","ESPACIOS MUNICIPALES DEL AGUA","1"
"449","26019","ESPACIOS MUNICIPALES DEL AGUA","2"
"450","26019","ESPACIOS MUNICIPALES DEL AGUA","3"
"451","26042","PROAGUA (APAUR Y APARURAL)","3"
"452","26042","PROSAN","3"
"453","26042","PRODDER","3"
"454","15122","PRODDER","3"
"459","06006","APAUR","3"
"460","06006","APARURAL","3"
"461","06006","AGUA LIMPIA","3"
"462","06006","CULTURA DEL AGUA","3"
"481","15028","CONSTRUCCIÓN DE PLANTA DE TRATAMIENTO DE AGUA EN OCOPULCO","3"
"482","15121","PROGRAMA DE DEVOLUCIÓN DE DERECHOS","3"
"483","15121","PROGRAMA PARA EL DESARROLLO INTEGRAL DE LOS ORGANISMOS OPERADORES DE AGUA","3"
"484","15044","CULTURA DEL AGUA","3"
"485","15037","CULTURA DEL AGUA","3"
"486","15038","AGUA EN PROCESO","1"
"487","15038","SANEAMIENTO LIMPIO","3"
"488","18015","ESPACIO CULTURA DEL AGUA","3"
"489","18015","AGUA LIMPIA","3"
"501","30013","COMITE DE CONTRALORIA CIUDADANA ADELANTE","2"
"503","15035","PRODDER","3"
"505","15029","CULTURA DEL AGUA","3"
"506","15062","PROGAMA DE CULTURA DEL AGUA","3"
"507","12020","AMPLIACION DE LA RED DE DRENAJE Y ALCANTARILLADO","3"
"509","15036","COSECHA DE LLUVIA EN JAGÜEYES","1"
"510","05021","AMPLIACIÓN DE RED DE AGUA POTABLE","2"
"511","05021","AMPLIACIÓN DE RED DE DRENAJE","2"
"512","12048","REHABILITACIÓN DEL SISTEMA DE AGUA POTABLE","3"
"513","12052","PROGRAMA DE AGUA LIMPIA","2"
"521","18004","AGUA LIMPIA (PAL)","3"
"522","18004","CULTURA DEL AGUA (ECA)","3"
"523","15040","CULTURA DEL AGUA","1"
"524","15102","PROAGUA","3"
"525","24008","CONCIENTIZACIÓN DEL USO Y CUIDADO DEL AGUA","1"
"534","23005","RED EDUCADORES AMBIENTALES","1"
"536","23005","CURSOS VERANO, ELABORACIÓN HUERTO, INCLUSIÓN PERSONAS CON CAPACIDADES DIFERENTES (SÍNDROME DOWN) AL PROGRAMA DE EDUCIÓN DEL CUIDADO DEL AGUA.","1"
"537","23006","PLÁTICAS DEL CUIDADO DEL AGUA EN LAS ESCUELAS.","2"
"543","23011","GIRA DEL AGUA Y VISITAS ESCOLARES, PROGRAMA EDUCATIVO PARA ADULTOS","1"
"544","23011","RALLY DEL AGUA Y EVENTOS AMBIENTALES","1"
"547","23011","CURSOS DE VERANO, PATROCINIOS SOCIALES Y DEPORTIVOS, PROYECTOS DE REHUSO Y RECICLAJE","1"
"548","15081","CULTURA DEL AGUA","3"
"549","12059","PROYECTO DE ABASTECIMIENTO DE AGUA EN LA REGIÓN DEL ESTADO DE GUERRERO.","1"
"552","15031","PRODER","3"
"555","18016","CULTURA DEL AGUA","3"
"556","18016","AGUA LIMPIA","3"
"557","25008","PROSSAPYS","3"
"558","25008","APARURAL","3"
"559","25018","APARURAL","3"
"560","25018","PRODI","3"
"561","25018","FAISM","1"
"564","25006","CULTURA DEL AGUA","3"
"565","25012","APARTADO URBANO (APAUR)","3"
"566","25012","PROGRAMA DE TRATAMIENTO DE AGUAS RESIDUALES","3"
"567","25012","PROYECTOS DE DESARROLLO REGIONAL (PRODERE)","3"
"568","25012","PROYECTOS DE DESARROLLO INTEGRAL PARA ORGANISMOS OPERADORES DE AGUA POTABLE Y SANEAMIENTO (PRODI)","3"
"569","25012","PROGRAMA DE DEVOLUCIÓN DE DERECHOS","3"
"571","02003","PROG. AGUA POTABLE, ALCANTARILLADO Y SANEAMIENTO (PROAGUA)","3"
"572","02003","PROGRAMA DE DEVOLUACIÓN DE DERECHOS (PRODDER)","3"
"573","02003","PROGRAMA DE TRATAMIENTO DE AGUAS RESIDUALES (PROSAN)","3"
"574","02003","PROG. CAPACITACIÓN AMBIENTAL Y DESARROLLO SUSTENTABLE","3"
"575","02003","PROG. DESARROLLO INTEGRAL ORGANISMOS OPERADORES AGUA Y SAN. (PRODI)","3"
"576","15109","PROGRAMA DE DEVOLUCIÓN DE DERECHOS (PRODER)","3"
"577","02004","CULTURA DEL AGUA","3"
"578","02004","DESARROLLO INSTITUCIONAL","2"
"579","02004","MEJORAMIENTO A LA EFICIENCIA FISICA","2"
"580","02004","MEJORAMIENTO A LA EFICIENCIA COMERCIAL","2"
"581","02004","PROGRAMA EN LA INVERSION DE LA INFRAESTRUCTURA","2"
"582","07089","PRODI","3"
"583","07089","PRODDER","3"
"584","07089","PROSANEAR","3"
"601","15003","""AGUAS CON EL AGUA CUIDALA ES DE TODOS""","2"
"602","15054","TELEMETRÍA","3"
"603","15071","FISM (FONDO DE INFRAESTRUCTURA SOCIAL MUNICIPAL)","3"
"604","15074","AGUA LIMPIA","2"
"605","15085","PROGRAMA DE AGUA POTABLE, ALCANTARILLADO Y SANEAMIENTO (PROAGUA)","3"
"606","15085","APARTADO RURAL (APARURAL)","3"
"607","15085","APARTADO URBANO (APAUR)","3"
"608","15085","PROGRAMA PARA LA CONSTRUCCUION Y REHABILITACION DEL SISTEMA DE AGUA POTABLE Y SANEAMIENTO EN ZONAS RURALES (PROSSAPYS)","3"
"609","15118","3 PASOS PARA EL CUIDADO DEL AGUA","3"
"611","15118","PLATICAS ESCOLARES DEL CUIDADO DEL AGUA","1"
"612","28037","PRODER","3"
"613","18018","CULTURA DEL AGUA","3"
"614","18018","PROGRAMA DE AGUA LIMPIA","3"
"621","13002","CULTURA DEL AGUA","1"
"623","24016","CULTURA DEL AGUA","3"
"624","24016","AGUA LIMPIA (PROAGUA)","3"
"625","02005","CULTURA DEL AGUA","2"
"626","02005","DESARROLLO INSTITUCIONAL","2"
"627","02005","MEJORAMIENTO DE EFICIENCIA FÍSICA","2"
"628","02005","MEJORAMIENTO A LA EFICIENCIA COMERCIAL","2"
"629","02005","PROGRAMA EN LA INVERSIÓN DE LA INFRAESTRUCTURA","2"
"630","05030","CULTURA DEL AGUA EN ESCUELAS PRIMARIAS PUBLICAS","1"
"631","05030","REFORESTACION DE LA SIERRA DE ZAPALINAME","1"
"633","05030","CULTURA DEL AGUA EN EJIDOS","1"
"634","05030","AQUA TIPS","1"
"636","02003","FONDO METROPOLITANO","3"
"637","02003","PROGRAMA DE AGUA LIMPIA","3"
"638","24054","AGUA LIMPIA","2"
"640","26047","AGUA LIMPIA","2"
"641","17011","PROGRAMA DE CULTURA DEL AGUA","3"
"661","25002","APAZU","3"
"662","25002","PROSSAPYS","3"
"663","25002","PROTAR","3"
"664","25002","PRODDER","3"
"665","25002","AGUA LIMPIA","3"
"667","25005","CULTURA DE AGUA","2"
"681","13054","PROGRAMA DE DEVOLUCIÓN DE DERECHOS (PRODDER 2016)","3"
"682","13059","PRODDER","3"
"683","26030","PROAGUA-APAUR URBANO","3"
"684","26030","PROAGUA-APARURAL-RURAL","3"
"685","13064","AGUA LIMPIA","2"
"686","13065","SANEAMIENTO DEL RIO SALADO Y TULA","3"
"687","13069","PROGRAMA DE DEVOLUCION DE DERECHOS","3"
"688","13069","PROGRAMAS DE TRATAMIENTO DE AGUAS RESIDUALES","3"
"689","13069","PROGRAMA DE AGUA POTABLE, ALCANTARILLADO Y SANEAMIENTO DE ZONAS URBANAS (APAZU)","3"
"690","13069","TRATAMIENTO DE AGUAS RESIDUALES (PROSAN)","3"
"691","17013","PROGRAMA PRODDER","3"
"693","17014","PROYECTO DE COLECTOR Y PLANTA TRATADORA DE AGUAS RESIDUALES","2"
"694","13081","PRODDER (PROGRAMA DE DEVOLUCION DE DERECHOS)","3"
"695","02002","RAMO 23 ","3"
"696","02002","PROGRAMA SANEAMIENTO FINANCIERO","2"
"697","02002","PROGRAMA PARA CONSTRUCCION Y REHABILITACION DE SISTEMAS DE AGUA POTABLE Y SANEAMIENTO EN ZONAS RURALES ","3"
"698","02002","PROGRAMA DE AGUA POTABLE, ALCANTARILLADO Y SANEAMIENTO (PROAGUA)APARTADO RURAL","3"
"699","02002","FORTALECE","2"
"701","30038","PROGRAMA DE DEVOLUCION DE DERECHOS ( PRODDER )","3"
"702","30038","PROGRAMA DE TRATAMIENTO DE AGUAS RESIDUALES ( PROSAN )","3"
"703","30038","PROGRAMA DE DESARROLLO INTEGRAL DE ORGANISMOS OPERADORES (PRODI)","3"
"704","30038","PROGRAMA DE SANEAMIENTO DE AGUAS RESIDUALES ( PROSANEAR )","3"
"705","07017","PRODEF","3"
"708","18007"," CULTURA DEL AGUA","3"
"711","30037","AGUA LIMPIA (CULTURA DEL AGUA)","3"
"712","30037","ABC (AGUA BOSQUES Y CUENCAS)","2"
"715","25007","PROGRAMA PARA LA CONSTRUCCIÓN Y REHABILITACIÓN DE SISTEMAS DE AGUA POTABLE Y SANEAMIENTO EN ZONAS RURALES","3"
"716","25007","PROGRAMA DE AGUA POTABLE, ALCANTARILLADO Y SANEAMIENTO EN ZONAS URBANAS","3"
"717","25009","PRODI","3"
"718","05010","PRODDER","3"
"719","05010","PRODI","3"
"721","25011","PROGRAMA DEL RAMO XXXIII","3"
"722","25013","APARURAL","3"
"723","25013","CULTURA DEL AGUA","3"
"724","25015","APAUR (AGUA POTABLE Y ALCANTARILLADO EN ZONAS URBANAS)","3"
"725","25015","PROSSAPYS (PROGRAMA PARA LA SOSTENIBILIDAD DE LOS SERVICIOS DE AGUA Y SANEAMIENTO EN ZONAS RURALES)","3"
"726","25015","FISM (FONDO PARA LA INFRAESTRUCTURA SOCIAL MUNICIPAL)","1"
"727","24003","PROGRAMA AGUA LIMPIA","2"
"728","24003","APOYO COEPRIS","2"
"729","26055","PLAN INTEGRAL MUNICIPAL DE AGUA POTABLE, ALCANTARILLADO Y SANEAMIENTO","1"
"730","24024","PROSANEAR","3"
"731","24024","CULTURA DEL AGUA","3"
"732","24024","PRODER","3"
"733","24024","AGUA LIMPIA (AAL)","3"
"734","24024","PRODI","3"
"735","24031","PROAGUA APARTADO RURAL 2016","3"
"736","15055","RED DE AGUA POTABLE DE MAZACHULCO","1"
"737","30026","PROTAR","3"
"739","17015","OPERACIÓN DE PLANTAS","1"
"740","30044","PROGRAMA PARA EL DESARROLLO INTEGRAL DE ORGANISMOS OPERADORES (PRODI)","3"
"741","06005","CULTURA DEL CUIDADO DEL AGUA","3"
"742","06005","AGUA LIMPIA","3"
"747","13003","PROGRAMA DE DEVOLUCIÓN DE DERECHOS","3"
"748","13003","PROGRAMA DE SANEAMIENTO","3"
"761","25001","NIÑOS GUARDIANES DEL AGUA","2"
"781","28015","PROGRAMA DE AGUA POTABLE Y ALCANTARILLADO Y SANEAMIENTO","3"
"782","28015","PROGRAMA DE DEVOLUCION DE DERECHOS (PRODDER)","3"
"783","28028","CUIDEMOS EL AGUA","3"
"785","28038","CULTURA DEL AGUA","3"
"786","28009","CULTURA DEL AGUA","3"
"801","13023","PRODDER (NOMBRE COMPLETO)","3"
"802","31001","CUIDEMOS EL AGUA ( DÍA MUNDIAL DEL AGUA)","1"
"804","30030","PROGRAMA DE DEVOLUCION DE DERECHOS (PRODDER)","3"
"805","13025","CULTURA DEL AGUA","3"
"806","13028","ESPACIOS DE CULTURA DEL AGUA","2"
"821","30087","PROAGUA","3"
"822","30087","PRODI","3"
"823","30087","PRODDER","3"
"824","30087","PROSANEAR","3"
"825","30087","PROSAN INCENTIVOS / INFRAESTRUCTURA","3"
"826","30066","AGUA LIMPIA (CULTURA DEL AGUA)","3"
"827","30066","ABC (AGUA BOSQUES Y CUENCAS)","2"
"841","14022","AGUA LIMPIA","2"
"842","26043","APASU","3"
"843","26043","PROSAN","3"
"844","13035","PLANTAS TRATADORAS DE AGUAS RESIDUALES","2"
"861","23010","SUSTITUCIÓN DE LINEA DE CONDUCCIÓN DE LA CIUDAD DE BACALAR","2"
"862","23010","REHABILITACIÓN DE LA PTAR SAN JOAQUIN","2"
"863","30064","AGUA LIMPIA (CULTURA DEL AGUA)","3"
"864","15064","FONDO PARA LA INFRAESTRUCTURA SOCIAL MUNICIPAL (FISM)","3"
"865","15064","FONDO PARA LA INFRESTRUCTURA SOCIAL MUNICIPAL Y DEMARCACIONES TERRITORIALES DEL DISTRITO FEDERAL (FISMDF)","2"
"866","15064","PROGRAMA DE AGUA POTABLE, ALCANTARILLADO Y SANEAMIENTO (PROAGUA, APARTADO RURAL)","2"
"871","31065","ESPACIO CULTURAL DE AGUA","3"
"872","30192","CULTURA DEL AGUA","3"
"873","30102","CULTURA DEL AGUA","3"
"881","30061","CULTURA DEL AGUA","3"
"882","14004","CULTURA DEL AGUA CREACION ECAS ESPACIOS CULTURALES","3"
"901","14026","FAISM","3"
"902","30040","AGUA LIMPIA (CULTURA DEL AGUA)","3"
"903","30040","ABC (AGUA BOSQUES Y CUENCAS)","2"
"921","18020","PRODI (PROGRAMA DE DESARROLLO INTEGRAL DE ORGANISMOS OPERADORES)","3"
"922","18020","PRODER (PROGRAMA DE DEVOLUCION DE DERECHOS)","3"
"923","18020","PROSANEAR (PROGRAMA DE SANEAMIENTO DE AGUAS RESIDUALES)","3"
"924","16020","PROSAN","3"
"925","16020","PROAGUA","3"
"926","16020","FISMDF","1"
"943","32005","PRODDER","3"
"945","32005","PRODI","3"
"981","31056","ESPACIO DE CULTURA DEL AGUA","3"
"982","31064","CUIDEMOS EL AGUA","1"
"984","31066","AGUAS LIMPIAS","2"
"987","13012","PROGRAMA AGUA LIMPIA","2"
"988","32008","AGUA CLARA","1"
"989","32008","AGUA PARA TODOS","2"
"991","13014","PROCAPTAR","3"
"992","32014","PROGRAMA DE TRATAMIENTO DE AGUAS RESIDUALES PROTAR","3"
"993","32019","PRODDER PROGRAMA DE DEVOLUCION DE DERECHOS","3"
"994","32019","PROGRAMA DE INCENTIVOS PARA LA PTAR","3"
"995","32020","PROGRAMA DE INCENTIVOS PARA EL TRATAMIENTO DE AGUAS RESIDUALES","3"
"996","32020","PROGRAMA DE DEVOLUCIÓN DE DERECHOS","3"
"997","32023","CULTURA DEL AGUA","3"
"999","32034","PRODER","3"
"1000","32034","PROSANEAR","3"
"1001","32039","INCENTIVOS CONAGUA","3"
"1002","32044","PRODER","3"
"1003","32044","PROSAN","3"
"1004","32049","PROGRAMA DE DEVOLUCÍON DE DERECHOS PRODDER","3"
"1005","32049","PROGRAMA TRATAMIENTO DE AGUAS RESIDUALES PROTAR","3"
"1006","32055","PROTAR PROGRAMA DE TRATAMIENTO DE AGUAS RESIDUALES","3"
"1007","30085","USO ADECUADO DEL AGUA POTABLE","1"
"1008","31085","CULTURA DEL AGUA","3"
"1010","31102","PROGRAMA PARA EL DESARROLLO INTEGRAL DE ORGANISMOS DE AGUA POTABLE Y SANEAMIENTO","3"
"1012","04003","CULTURA DEL AGUA","3"
"1013","04004","CULTURA DEL AGUA","3"
"1014","30113","CULTURA DEL AGUA","2"
"1017","04011","PROGRAMA AGUA LIMPIA","3"
"1018","04011","PRODDER","3"
"1019","04011","CULTURA DEL AGUA E005","3"
"1020","04001","CULTURA DEL AGUA","3"
"1021","04005","CURSO DE CAPACITACIÓN A LOS PROCURADORES DEL AGUA","2"
"1022","04008","CULTURA DEL AGUA E005 2016","3"
"1023","04008","AGUA LIMPIA 2016","2"
"1024","30129","CULTURA DEL AGUA","3"
"1025","31026","ESPACIO DEL AGUA","2"
"1026","30117","SIETE AGUAS-CABECERA","2"
"1027","30152","PROGRAMA DE DEVOLUCIÓN DE DERECHOS CONAGUA","3"
"1028","04010","CULTURA DEL AGUA","3"
"1029","04002","CULTURA DEL AGUA","3"
"1030","16009","PERFORACIÓN DE POZO PROFUNDO","1"
"1031","16009","CUIDADO DEL AGUA","3"
"1035","16051","PRODDER 2016","3"
"1036","16062","PRODDER","3"
"1037","28029","LAGUNA DE OXIDACION","2"
"1039","16012","CONCIENTIZACION DEL CUIDADO DEL AGUA","1"
"1040","16023","PRODDER","3"
"1041","31019","CUIDEMOS EL AGUA","1"
"1042","16058","ESPACIO DE LA CULTURA DEL AGUA","3"
"1043","16050","PROGRAMA DE DEVOLUCION DE DERECHOS (PRODDER)","3"
"1044","16050","PROGRAMA DE SANEAMIENTO DE AGUAS RESIDUALES (PROSANEAR)","3"
"1063","16072","REHABILITACION DEL SISTEMA DE AGUA POTABLE","1"
"1064","16073","CULTURA DEL AGUA","3"
"1065","21002","EL CUIDADO DEL AGUA","1"
"1066","13006","CULTURA DEL AGUA","3"
"1067","13006","CULTURA DEL AGUA","3"
"1068","13009","PROGRAMA DE DEVOLUCION DE DERECHOS (PRODDER)","3"
"1069","13009","PROGRAMA DE AGUA POTABLE, ALCANTARILLADO Y SANEAMIENTO EN ZONAS URBANAS (APAZU)","3"
"1070","13011","CULTURA DEL AGUA","3"
"1073","23003","RECUPERACIÓN DE ESPACIOS Y ELABORACIÓN DE HUERTOS EDUCATIVOS","1"
"1076","13042","AGUA LIMPIA","2"
"1077","30155","IMPARTICIÓN DE PLATICAS SOBRE CUIDADO DEL AGUA","1"
"1078","29015","CULTURA DEL AGUA","3"
"1079","30169","REHABILITACION DE LAGUNAS DE AGUAS NEGRAS","2"
"1080","30164","PROGRAMA MUNICIPAL DE TRATAMIENTO DE LA PLANTA POTABILIZADORA","1"
"1081","23004","CULTURA DEL AGUA","3"
"1102","23007","ESPACIO DE CULTURA DEL AGUA","3"
"1104","13029","CULTURA DEL AGUA","3"
"1110","16019","CULTURA DEL AGUA","3"
"1111","16030","PROGRAMA DE DEVOLUCION DE DERECHOS (PRODDER)","3"
"1112","16034","PROGRAMA DE DEVOLUCION DE DERECHOS POR AGUA POTABLE (PRODDER)","3"
"1113","16034","PROGRAMA DE DEVOLUCION DE DERECHOS POR DESCARGAS (PROSANEAR)","3"
"1122","30161","CULTURA DEL AGUA","3"
"1125","16108","PROTAR","3"
"1128","24011","APARTADO URBANO (APAUR)","3"
"1129","24011","CULTURA DEL AGUA","3"
"1130","24011","PRODER","3"
"1131","24011","AGUA LIMPIA (AAL)","3"
"1132","24042","PROGRAMA DE AGUA LIMPIA","2"
"1133","24058","ESPACIO DE CULTURA DEL AGUA","3"
"1136","08040","SECTORIZACION","2"
"1137","08017","PROTAR","3"
"1141","30203","AGUA LIMPIA (CULTURA DEL AGUA)","3"
"1142","30203","ABC (AGUA BOSQUES Y CUENCAS)","2"
"1143","09002","PROGRAMA DE SUSTENTABILIDAD Y GESTIÓN DE LOS SERVICIOS HÍDRICOS (PSGSH)","2"
"1144","09002","PROGRAMA HIDRÍCO ESTATAL","2"
"1145","30189","USO EFICIENTE DEL AGUA","2"
"1146","30189","CULTURA DEL AGUA","3"
"1147","31041","AGUA LIMPIA","3"
"1148","31041","CONAGUA SENSIBILIZACIÓN Y CUIDADO DEL AGUA","3"
"1149","31075","CUIDEMOS EL AGUA","3"
"1150","30109","CULTURA DEL AGUA","3"
"1151","30206","PRODER","3"
"1161","30115","CULTURA DEL AGUA","3"
"1167","16098","PRODDER","3"
"1168","16100","PRODET","3"
"1169","16110","PRODDER","3"
"1170","16110","PROSANEAR","3"
"1171","16025","PROSANEAR","3"
"1181","14075","CULTURA DEL AGUA","3"
"1185","16060","PRODDER 2016","3"
"1186","16068","CULTURA DEL AGUA","3"
"1192","16105","ESPACIO DE CULTURA DEL AGUA","3"
"1194","16106","PRODDER","3"
"1197","16107","PRODDER","3"
"1198","16107","PROSANEAR","3"
"1199","30207","DESCUENTO EN PAGO ANUAL ANTICIPADO","2"
"1200","30207","DESCUENTO EN MULTAS Y RECARGOS.","2"
"1201","16010","PRODEER","3"
"1204","10006","ESPACIO DE CULTURA DEL AGUA","3"
"1205","10005","PROSAN (PROGRAMA DE SANEAMIENTO)","3"
"1207","10020","CULTURA DEL AGUA","3"
"1208","17029","CULTURA DEL AGUA","3"
"1209","16041","PRODDER","3"
"1210","13064","AGUA LIMPIA","3"
"1211","30183","CULTURA DEL AGUA","3"
"1227","15106","DE DEVOLUCIÓN DE DERECHOS","3"
"1228","15106","DE DESARROLLO INSTITUCIONAL","3"
"1229","15106","FONDO DE INFRAESTRUCTURA SOCIAL MUNICIPAL Y DE LAS DEMARCACIONES TERRITORIALES DEL DISTRITO FEDERAL.","1"
"1230","13013","PLAN ESTATAL DE DESARROLLO","2"
"1232","16052","PROGRAMA DE DEVOLUCIÓN DE DERECHOS (PRODDER)","3"
"1233","14055","PROTAR","3"
"1234","14055","PRODER","3"
"1235","14080","EDUCACION CULTURAL DEL AGUA","2"
"1236","14058","ESPACIO DE CULTURA DEL AGUA","1"
"1237","14084","PRODDER","3"
"1238","14084","PROTAR","3"
"1247","16006","PROGRAMA DE DEVOLUCIÓN DE DERECHOS (PRODDER)","3"
"1248","16006","PROGRAMA DE SANEAMIENTO DE AGUA RESIDUALES (PROSANEAR)","3"
"1249","28027","PROGRAMA DE DEVOLUCION DE DERECHOS","3"
"1250","28027","PROGRAMA APAZU","3"
"1255","16065","PRODDER","3"
"1264","13017","PROGRAMA DE AGUA LIMPIA","2"
"1265","13017","APAZU","3"
"1266","13017","PROSAPYS","3"
"1270","14017","PROSAPIES","3"
"1319","16053","PROGRAMA DE CULTURA DEL AGUA","1"
"1320","16053","SUSTITUCIÓN DE TOMAS","1"
"1321","14067","TRATAMIENTO Y DISPOSICIÓN FINAL DE AGUAS RESIDUALES Y BIOSÓLIDOS","1"
"1322","14067","PROGRAMA CULTURAL DEL AGUA","3"
"1323","14032","ECA","2"
"1330","16069","PROMOCIÓN DE PAGO ANTICIPADO","1"
"1331","16069","DIFUSIÓN Y PROMOCIÓN DE CUIDADO Y USOS RESPONSABLES DEL AGUA","1"
"1332","16069","DIFUSIÓN DE OBRAS Y SERVICIOS","1"
"1361","14025","PRODDER","3"
"1362","14041","VAMOS JUNTOS","2"
"1365","08037","PROGRAMA DE AGUA NO COBRADA (PRANC)","2"
"1368","16088","SU PRONTO PAGO ANUAL (DESCUENTOS)","1"
"1369","16088","ENCUESTAS Y RECUPERACION DE CARTERAS VENCIDAS","1"
"1370","16088","CONSIENTIZACION ""EL PIAJE DEL AGUA""","1"
"1372","16088","EVENTOS DE CULTURA DEL AGUA","1"
"1373","14040","ESPACIO CULTURAL DEL AGUA","3"
"1374","14069","ECA (ESPACIO DE CULTURA DEL AGUA)","2"
"1375","14116","PRODDER","3"
"1376","14116","PROSAN","3"
"1385","14018","APROVECHAMIENTO DE AGUA TRATATADA PARA SU REHUSO","1"
"1386","14018","PROGRAMA DE CULTURA DEL AGUA","2"
"1387","14013","PROSAN","3"
"1388","14113","INCLUCION DE DRENAJE","2"
"1389","14008","PRODI","3"
"1390","14008","PRODER","3"
"1391","14115","SECTORIZACION DE LA RED DE AGUA POTABLE","1"
"1392","14115","SUTITUCION Y AMPLIACION DE REDES DE AGUA POTABLE","2"
"1414","14023","PRODDER","3"
"1415","14001","PRODER","3"
"1462","11007","PROAGUA","3"
"1463","11007","PRODDER","3"
"1464","11007","PRODI","3"
"1465","11007","RAMO XXXIII","3"
"1466","11007","PISBCC, PIDMC, ITS","3"
"1467","11007","PGO 2016","2"
"1481","14045","PRONAGUA","3"
"1482","14053","PROTAR","3"
"1483","14070","PRODER","3"
"1484","14119","ESPACIO DE CULTURA DE AGUA","2"
"1485","11003","PROAGUA-APA UR","3"
"1486","11003","PRODDER","3"
"1487","11003","PROPI","3"
"1489","11003","FAISM","1"
"1490","14125","PRODDER","3"
"1500","01004","CULTURA DEL AGUA","3"
"1503","09003","PROGRAMA DE SUSTENTABILIDAD DE LOS SERVICIOS HÍDRICOS (PSGSH)","2"
"1504","09003","PROGRAMA HÍDRICO ESTATAL","2"
"1506","01008","AGUA LIMPIA","3"
"1509","11015","PRODI","3"
"1510","11015","PROSAPYSS","3"
"1511","11020","PROGRAMA DE ASIGNACIÓN DE RECURSOS DERIVADOS DEL PAGO DE DERECHOS DE AGUA (PRODDER)","3"
"1512","11020","APARTADO URBANO (APAUR) DEL PROGRAMA DE AGUA POTABLE, ALCANTARILLADO Y SANEAMIENTO (PROAGUA)","3"
"1513","11020","RAMO 33","3"
"1522","14118","EQUIPAMIENTO POZO DE LA UNIDAD DEPORTIVA MANUEL AVILA CAMACHO","2"
"1530","14039","PROGRAMA DE DEVOLUCIÓN DE DERECHOS (PRODDER)","3"
"1531","14039","PROGRAMA DE AGUA POTABLE, ALCANTARILLADO Y SANEAMIENTO (PROAGUA)","3"
"1545","01005","CULTURA DEL AGUA","3"
"1546","01001","FISMDF","3"
"1547","01001","HABITAT","3"
"1548","01006","PRODDER","3"
"1567","09004","PROGRAMA DE SUSTENTABILIDAD Y GESTIÓN DE LOS SERVICIOS HÍDRICOS (PSGSH)","2"
"1568","09004","PROGRAMA HÍDRICO ESTATAL","2"
"1569","32017","PROGRAMA DE DEVOLUCIÓN DE DERECHOS (PRODDER)","3"
"1570","32017","PROGRAMA FEDERAL DE SANEAMIENTO DE AGUAS RESIDUALES (PROSANEAR)","3"
"1571","32017","PROGRAMA DE AGUA POTABLE, ALCANTARILLADO Y SANEAMIENTO EN ZONAS URBANAS (APAZU)","3"
"1572","32017","PROGRAMA DE MEJORAMIENTO DE EFICIENCIAS DE ORGANISMOS OPERADORES (PROME)","3"
"1573","32017","PROGRAMA PARA LA MODERNIZACIÓN DE ORGANISMOS OPERADORES DE AGUA (PROMAGUA)","3"
"1574","32032","PROGRAMA DE DEVOLUCIÓN DE DERECHOS (PRODDER)","3"
"1575","32032","PROGRAMA FEDERAL DE SANEAMIENTO DE AGUAS RESIDUALES (PROSANEAR)","3"
"1576","32032","PROGRAMA DE AGUA POTABLE, ALCANTARILLADO Y SANEAMIENTO EN ZONAS URBANAS (APAZU)","3"
"1577","32032","PROGRAMA DE MEJORAMIENTO DE EFICIENCIAS DE ORGANISMOS OPERADORES (PROME)","3"
"1578","32032","PROGRAMA PARA LA MODERNIZACIÓN DE ORGANISMOS OPERADORES DE AGUA (PROMAGUA)","3"
"1579","32038","CULTURA DEL AGUA","3"
"1580","32050","PROGRAMA DE DEVOLUCIÓN DE DERECHOS (PRODDER)","3"
"1581","32050","PROGRAMA FEDERAL DE SANEAMIENTO DE AGUAS RESIDUALES (PROSANEAR)","3"
"1582","32050","PROGRAMA DE AGUA POTABLE, ALCANTARILLADO Y SANEAMIENTO EN ZONAS URBANAS (APAZU)","3"
"1583","32050","PROGRAMA DE MEJORAMIENTO DE EFICIENCIAS DE ORGANISMOS OPERADORES (PROME)","3"
"1584","32050","PROGRAMA PARA LA MODERNIZACIÓN DE ORGANISMOS OPERADORES DE AGUA (PROMAGUA)","3"
"1585","32056","PROGRAMA DE DEVOLUCIÓN DE DERECHOS (PRODDER)","3"
"1586","32056","PROGRAMA FEDERAL DE SANEAMIENTO DE AGUAS RESIDUALES (PROSANEAR)","3"
"1587","32056","PROGRAMA DE AGUA POTABLE, ALCANTARILLADO Y SANEAMIENTO EN ZONAS URBANAS (APAZU)","3"
"1588","32056","PROGRAMA DE MEJORAMIENTO DE EFICIENCIAS DE ORGANISMOS OPERADORES (PROME)","3"
"1589","32056","PROGRAMA PARA LA MODERNIZACIÓN DE ORGANISMOS OPERADORES DE AGUA (PROMAGUA)","3"
"1590","09015","PROGRAMA DE SUSTENTABILIDAD Y GESTIÓN DE LOS SERVICIOS HIDRICOS (PSGSH)","2"
"1591","09015","PROGRAMA HIDRIDO ESTATAL","2"
"1592","11016","PROGRAMA DE DEVOLUCIÓN DE DERECHOS","3"
"1593","09017","PROGRAMA DE SUSTENTABILIDAD Y GESTIÓN DE LOS SERVICIOS HÍDRICOS (PSGSH)","2"
"1594","09017","PROGRAMA HÍDRICO ESTATAL","2"
"1595","09012","PROGRAMA DE SUSTRENTABILIDAD DE LOS SERVICIOS HIDRÍCOS (PSGSH)","2"
"1596","09012","PROGRAMA HÍDRICO ESTATAL","2"
"1600","09005","PROGRAMA DE SUSTENTABILIDAD Y GESTION DE LOS SERVICIOS HIDRICOS (PSGSH)","2"
"1601","09005","PROGRAMA HIDRICO ESTATAL","2"
"1605","14093","PROGRAMA DE DEVOLUCIÓN DE DERECHOS ""PRODDER""","3"
"1606","14093","PROGRAMA DE AGUA POTABLE, ALCANTARILLADO Y SANEAMIENTO APARTADO PRODI","3"
"1607","14093","PROGRAMA TRATAMIENTO DE AGUAS PROSSAN","3"
"1608","09008","PROGRAMA DE SUSTENTABILIDAD Y GESTIÓN DE LOS SERVICIOS HÍDRICOS (PSGSH)","2"
"1609","09008","PROGRAMA HÍDRICO ESTATAL","2"
"1611","09006","PROGRAMA DE SUSTENTABILIDAD Y GESTIÓN DE LOS SERVICIOS HÍDRICOS (PSGSH)","2"
"1612","09006","PROGRAMA HÍDRICO ESTATAL","2"
"1613","23002","ESPACIO DE CULTURA DEL AGUA H2O","2"
"1614","22013","APARTADO RURAL (APARURAL)","3"
"1615","11029","DISTINTIVO PARAESCUELASCON CULTURA DEL AGUA","2"
"1616","09009","PROGRAMA DE SUSTENTABILIDAD Y GESTIÓN DE LOS SERVICIOS HÍDRICOS (PSGSH)","2"
"1617","09009","PROGRAMA HÍDRICO ESTATAL","2"
"1621","09007","PROGRAMA DE SUSTENTABILIDAD DE LOS SERVICIOS HIDRICOS (PSGSH)","2"
"1622","09007","PROGRAMA HIDRICO ESTATAL","2"
"1623","14035","ESCUELA DE CULTURA DEL AGUA","1"
"1624","09013","PROGRAMA DE SUSTENTABILIDAD Y GESTIÓN DE LOS SERVICIOS HÍDRICOS (PSGSH)","2"
"1625","09013","PROGRAMA HÍDRICO ESTATAL","2"
"1626","14086","CULTURA DE AGUA","3"
"1641","22004","PROGRAMA DE DEVOLUCIÓN DE DERECHOS (PRODDER)","3"
"1642","32024","PRODDER","3"
"1643","32024","PRODI","3"
"1644","11037","PROGRAMA SECTORIZACIÓN Y REHABILITACIÓN REDES DE AGUA POTABLE","1"
"1645","09016","PROGRAMA DE SUSTENTABILIDAD Y GESIÓN DE LOS SERVICIOS HÍDRICOS (PSGSH)","2"
"1646","09016","PROGRAMA HÍDRICO ESTATAL","2"
"1647","22006","APARTADO URBANO (APAUR)","3"
"1648","22006","PROGRAMA DE LA COMISIÓN ESTATAL DE AGUAS (PCEA)","2"
"1649","22006","TRATAMIENTO DE AGUAS RESIDUALES (PROSAN)","3"
"1650","09014","PROGRAMA DE SUSTENTABILIDAD Y GESTION DE LOS SERVICIOS HIDRICOS (PSGSH)","2"
"1651","09014","PROGRAMA HIDRICO ESTATAL","2"
"1652","22015","PROGRAMA DE INFRAESTRUCTURA BÁSICA INDÍGENA (PROII)","3"
"1653","11035","PROGRAMA DEVOLUCION DE DERECHOS","3"
"1654","11035","PROGRAMA DESARROLLO MUNICIPAL","1"
"1655","11035","CULTURA DEL AGUA","3"
"1657","11035","AGUA Y MEDIO AMBIENTE","1"
"1658","09011","DE SUSTENTABILIDAD Y GESTIÍON DE LOS SERVICIOS HÍDRICOS (PSGSH)","2"
"1659","09011","PROGRAMA HÍDRICO ESTATAL","2"
"1660","11021","PRODDER","3"
"1661","11021","PRODDER","3"
"1662","11021","APAZU","3"
"1663","11021","APAZU","3"
"1664","11021","APAZU","3"
"1665","11021","APAUR","3"
"1666","11021","APAUR","3"
"1667","11021","APAUR","3"
"1668","11021","PRESUPUESTO DE EGRESOS","1"
"1669","11021","PROSSANEAR","3"
"1670","11021","PROSSANEAR","3"
"1671","22005","APARTADO URBANO (APAUR)","3"
"1672","22016","PROGRAMA DE DEVOLUCIÓN DE DERECHOS (PRODDER)","3"
"1673","22016","AGUA LIMPIA","3"
"1674","22016","PROGRAMA PARA EL DESARROLLO INTEGRAL DE LOS ORGANISMOS OPERADORES DE AGUA Y SANEAMIENTO (PRODI)","3"
"1675","09010","PROGRAMA DE SUSTENTABILIDAD Y GESTIÓN DE LOS SERVICIOS HIDRÍCOS ( PSGSH)","2"
"1676","09010","PROGRAMA HÍDRICO ESTATAL","2"
"1677","14096","RAMO 33","3"
"1678","14096","FISE","3"
"1679","14096","3X1 PARA MIGRANTES","1"
"1680","14006","PRODDER","3"
"1681","14006","PROTAR","3"
"1707","14097","MODERNIZACIÓN Y AUMENTO DE CAPACIDADES DE LA PLANTA DE TRATAMIENTO DE AGUAS RESIDUALES DE SAN MIGUEL, DE CAJITITLÁN Y DE SAN JUAN EVANGELISTA","1"
"1708","14097","CULTURA DEL AGUA","3"
"1709","14097","IMPLEMENTACIÓN DE ECOTECNIAS PARA LA CAPTACIÓN DE AGUA DE LA LLUVIA","1"
"1710","11027","PROGRAMA FEDERALIZADO DE CULTURA DEL AGUA ""HUELLA HIDRICA""","2"
"1716","16103","PROSANEAR","3"
"1717","16103","PRODDER","3"
"1718","16104","CAMPAÑA DE CONCIENTIZACIÓN DEL AGUA","1"
"1719","11022","APAZU","3"
"1720","11022","PROSSAPYS","3"
"1721","16082","PROGRAMA DE DEVOLUCION DE DERECHOS (PRODDER)","3"
"1722","16082","PRESUPUESTO DE EGRESOS Y DEL PROGRAMA DE SANEAMIENTO DE AGUAS RESIDUALES (PROSANEAR )","3"
"1723","16102","PRODI","3"
"1724","16102","PRODDER","3"
"1725","16102","PROSANEAR","3"
"1728","11028","PROGRAMA DE CULTURA DEL AGUA","3"
"1741","11033","PROSSAPYS","3"
"1742","11033","PROGRAMA DE INFRAESTRUCTURA PARA EL ABASTECIMIENTO DE AGUA RURAL","2"
"1743","11033","AGENDA PARA EL DESARROLLO MUNICIPAL","1"
"1747","16043","PRODDER","3"
"1748","16043","PROSANEAR","3"
"1749","16043","PRODI","3"
"1750","16075","PROGRAMA DE DEVOLUCIÓN DE DERECHOS","3"
"1751","16086","PROGRAMA DE DEVOLUCIÓN DE DERECHOS DE LA CONAGUA","3"
"1761","22014","APARTADO URBANO (APAUR)","3"
"1762","22014","PROGRAMA DE DEVOLUCIÓN DE DERECHOS (PRODDER)","3"
"1763","22014","PROGRAMA DE LA COMISIÓN ESTATAL DE AGUAS (PCEA)","2"
"1764","22014","CAPACITACIÓN AMBIENTAL Y DESARROLLO SUSTENTABLE (CADS)","3"
"1765","22014","APARTADO AGUA LIMPIA (AAL)","3"
"1766","22009","APARTADO RURAL (APARURAL)","3"
"1767","22009","PROGRAMA DE LA COMISIÓN ESTATAL DE AGUAS (PCEA)","2"
"1768","22010","APARTADO RURAL (APARURAL)","3"
"1769","22011","PROGRAMA DE DEVOLUCIÓN DE DERECHOS (PRODDER)","3"
"1781","06007","PRODDER","3"
"1782","06007","PROSAN","3"
"1783","06007","PROAGUA APARTADO RURAL","3"
"1784","06007","PROAGUA APARTADO URBANO","3"
"1801","13048","PROSANEAR","3"
"1811","21197","PROGRAMA DE DEVOLUCIÓN DE DERECHOS","3"
"1821","22002","APARTADO RURAL (APARURAL)","3"
"1822","05031","PROYECTO DE CONSTRUCCIÓN DE PLANTA TRATADORA DE AGUAS RESIDUALES","1"
"1823","21067","CULTURA DEL AGUA","3"
"1824","30048","AGUA LIMPIA (CULTURA DEL AGUA)","3"
"1825","30048","ABC (AGUA, BOSQUES Y CUENCAS)","2"
"1842","21018","SANEAMIENTO","1"
"1843","21208","PROGRAMA DE TRATAMIENTO DE AGUAS RESIDUALES (PROTAR)","3"
"1850","19003","A CUIDAR EL AGUA QUE SE OCUPA","2"
"1851","19003","BRIGADAS DE CONTRATACIÓN","2"
"1880","19046","A CUIDAR EL AGUA QUE SE OCUPA","2"
"1881","19046","BRIGADAS DE CONTRATACIÓN","2"
"1886","19043","A CUIDAR EL AGUA QUE SE OCUPA","2"
"1887","19043","BRIGADAS DE CONTRATACIÓN","2"
"1897","19015","A CUIDAR EL AGUA QUE SE OCUPA","2"
"1898","19015","BRIGADAS DE CONTRATACIÓN","2"
"1903","19018","A CUIDAR EL AGUA QUE SE OCUPA","2"
"1904","19018","BRIGADAS DE CONTRATACIÓN","2"
"1905","19019","A CUIDAR EL AGUA QUE SE OCUPA","2"
"1906","19019","BRIGADAS DE CONTRATACIÓN","2"
"1922","19026","A CUIDAR EL AGUA QUE SE OCUPA","2"
"1923","19026","BRIGADAS DE CONTRATACIÓN","2"
"1934","19031","A CUIDAR EL AGUA QUE SE OCUPA","2"
"1935","19031","BRIGADAS DE CONTRATACIÓN","2"
"1951","19039","A CUIDAR EL AGUA QUE SE OCUPA","2"
"1952","19039","BRIGADAS DE CONTRATACIÓN","2"
"1953","01002","AGUA LIMPIA","3"
"1956","22003","APARTADO RURAL (APARURAL)","3"
"1961","19001","A CUIDAR EL AGUA QUE SE OCUPA","2"
"1962","19001","BRIGADAS DE CONTRATACIÓN","2"
"1981","19020","A CUIDAR EL AGUA QUE SE OCUPA","2"
"1982","19020","BRIGADAS DE CONTRATACIÓN","2"
"1983","19022","A CUIDAR EL AGUA QUE SE OCUPA","2"
"1984","19022","BRIGADAS DE CONTRATACIÓN","2"
"1985","19022","PROAGUA (APARURAL)","3"
"1986","19023","A CUIDAR EL AGUA QUE SE OCUPA","2"
"1987","19023","BRIGADAS DE CONTRATACIÓN","2"
"1988","19023","AMPLIACION DE RED DE AGUA POTABLE","1"
"1989","19023","NO LA RIEGUES","1"
"1990","19024","A CUIDAR EL AGUA QUE SE OCUPA","2"
"1991","19024","BRIGADAS DE CONTRATACIÓN","2"
"1992","19025","A CUIDAR EL AGUA QUE SE OCUPA","2"
"1993","19025","BRIGADAS DE CONTRATACIÓN","2"
"1994","19027","A CUIDAR EL AGUA QUE SE OCUPA","2"
"1995","19027","BRIGADAS DE CONTRATACIÓN","2"
"1996","19027","REEMPLAZO DE TUBERIAS DE RED DE AGUA","2"
"1997","19027","AMPLIACION DE RED DE AGUA POTABLE DEL FONDO FEDERAL","3"
"1998","19028","A CUIDAR EL AGUA QUE SE OCUPA","2"
"1999","19028","BRIGADAS DE CONTRATACIÓN","2"
"2000","19029","A CUIDAR EL AGUA QUE SE OCUPA","2"
"2001","19029","BRIGADAS DE CONTRATACIÓN","2"
"2002","19030","A CUIDAR EL AGUA QUE SE OCUPA","2"
"2003","19030","BRIGADAS DE CONTRATACIÓN","2"
"2006","19033","A CUIDAR EL AGUA QUE SE OCUPA","2"
"2007","19033","BRIGADAS DE CONTRATACIÓN","2"
"2010","19035","A CUIDAR EL AGUA QUE SE OCUPA","2"
"2011","19035","BRIGADAS DE CONTRATACIÓN","2"
"2022","19032","A CUIDAR EL AGUA QUE SE OCUPA","2"
"2023","19032","BRIGADAS DE CONTRATACIÓN","2"
"2026","19034","A CUIDAR EL AGUA QUE SE OCUPA","2"
"2027","19034","BRIGADAS DE CONTRATACIÓN","2"
"2028","19017","A CUIDAR EL AGUA QUE SE OCUPA","2"
"2029","19017","BRIGADAS DE CONTRATACIÓN","2"
"2036","21091","PROSSAPY","3"
"2037","21149","PLAN DE DESARROLLO MUNICIPAL","1"
"2038","19002","A CUIDAR EL AGUA QUE SE OCUPA","2"
"2039","19002","BRIGADAS DE CONTRATACIÓN","2"
"2040","19004","A CUIDAR EL AGUA QUE SE OCUPA","2"
"2041","19004","BRIGADAS DE CONTRATACIÓN","2"
"2042","19005","A CUIDAR EL AGUA QUE SE OCUPA","2"
"2043","19005","BRIGADAS DE CONTRATACIÓN","2"
"2044","19006","A CUIDAR EL AGUA QUE SE OCUPA","2"
"2045","19006","BRIGADAS DE CONTRATACIÓN","2"
"2046","19007","A CUIDAR EL AGUA QUE SE OCUPA","2"
"2047","19007","BRIGADAS DE CONTRATACIÓN","2"
"2048","19008","A CUIDAR EL AGUA QUE SE OCUPA","2"
"2049","19008","BRIGADAS DE CONTRATACIÓN","2"
"2050","19009","A CUIDAR EL AGUA QUE SE OCUPA","2"
"2051","19009","BRIGADAS DE CONTRATACIÓN","2"
"2052","19010","A CUIDAR EL AGUA QUE SE OCUPA","2"
"2053","19010","BRIGADAS DE CONTRATACIÓN","2"
"2054","19011","A CUIDAR EL AGUA QUE SE OCUPA","2"
"2055","19011","BRIGADAS DE CONTRATACIÓN","2"
"2056","19012","A CUIDAR EL AGUA QUE SE OCUPA","2"
"2057","19012","BRIGADAS DE CONTRATACIÓN","2"
"2058","19013","A CUIDAR EL AGUA QUE SE OCUPA","2"
"2059","19013","BRIGADAS DE CONTRATACIÓN","2"
"2060","19013","COMO CUIDAR EL AGUA ""NO LA RIEGES""","2"
"2064","19014","A CUIDAR EL AGUA QUE SE OCUPA","2"
"2065","19014","BRIGADAS DE CONTRATACIÓN","2"
"2066","19014","EL AGUA ES TUYA CUIDALA","1"
"2067","19016","A CUIDAR EL AGUA QUE SE OCUPA","2"
"2068","19016","BRIGADAS DE CONTRATACIÓN","2"
"2069","21140","PRODDER","3"
"2070","21140","PRODDI","3"
"2071","30157","AGUA LIMPIA (CULTURA DEL AGUA)","3"
"2072","30157","ABC (AGUA BOSQUES Y CIENCIAS )","2"
"2073","19036","A CUIDAR EL AGUA QUE SE OCUPA","2"
"2074","19036","BRIGADAS DE CONTRATACIÓN","2"
"2075","19036","CUIDEMOS EL AGUA","1"
"2076","19037","A CUIDAR EL AGUA QUE SE OCUPA","2"
"2077","19037","BRIGADAS DE CONTRATACIÓN","2"
"2078","19040","A CUIDAR EL AGUA QUE SE OCUPA","2"
"2079","19040","BRIGADAS DE CONTRATACIÓN","2"
"2080","19041","A CUIDAR EL AGUA QUE SE OCUPA","2"
"2081","19041","BRIGADAS DE CONTRATACIÓN","2"
"2082","19042","A CUIDAR EL AGUA QUE SE OCUPA","2"
"2083","19042","BRIGADAS DE CONTRATACIÓN","2"
"2084","19044","A CUIDAR EL AGUA QUE SE OCUPA","2"
"2085","19044","BRIGADAS DE CONTRATACIÓN","2"
"2086","19045","A CUIDAR EL AGUA QUE SE OCUPA","2"
"2087","19045","BRIGADAS DE CONTRATACIÓN","2"
"2088","19047","A CUIDAR EL AGUA QUE SE OCUPA","2"
"2089","19047","BRIGADAS DE CONTRATACIÓN","2"
"2090","19048","A CUIDAR EL AGUA QUE SE OCUPA","2"
"2091","19048","BRIGADAS DE CONTRATACIÓN","2"
"2095","19049","A CUIDAR EL AGUA QUE SE OCUPA","2"
"2096","19049","BRIGADAS DE CONTRATACIÓN","2"
"2097","19049","CAMPAÑA DE CONCIENTIZACION DE AHORRO DEL AGUA","1"
"2098","19050","A CUIDAR EL AGUA QUE SE OCUPA","2"
"2099","19050","BRIGADAS DE CONTRATACIÓN","2"
"2100","19051","A CUIDAR EL AGUA QUE SE OCUPA","2"
"2101","19051","BRIGADAS DE CONTRATACIÓN","2"
"2102","19021","A CUIDAR EL AGUA QUE SE OCUPA","2"
"2103","19021","BRIGADAS DE CONTRATACIÓN","2"
"2106","19038","A CUIDAR EL AGUA QUE SE OCUPA","2"
"2107","19038","BRIGADAS DE CONTRATACIÓN","2"
"2108","21060","SANEAMIENTO DEL RIO ATOYAC","2"
"2117","21132","PROGRAMA DE DEVOLUCIÓN DE DERECHOS","3"
"2118","21132","PROGRAMA APAZU","3"
"2120","21085","APAZO","3"
"2123","21158","PROSSAPIZ","3"
"2124","21186","PRODDER","3"
"2125","21046","PROYECTO DE REPOSICION DE POZO DE AGUA POTABLE","3"
"2130","21114","PROGRAMA EDUCATIVO EN MATERIA DE CULTURA DEL AGUA SEP","1"
"2131","21114","PROGRAMA DE SECTORIZACIÓN Y MEJORA DE EFICIENCIA FÍSICA","1"
"2134","21156","GUARDIANES DEL AGUA","1"
"2135","21156","ESPACIOS DE CULTURA DEL AGUA","3"
"2141","30118","PROGRAMA DE DEVOLUCIÓN DE DERECHOS (PRODDER)","3"
"2142","30118","PROGRAMA DE SANEAMIENTO DE AGUAS RESIDUALES (PROSANEAR)","3"
"2161","11032","DISTINTIVO DE ESCUELAS CON CULTURA DEL AGUA","2"
"2162","04009","PROGRAMA FEDERALIZADO CULTURA DEL AGUA","3"
"2163","04009","PROGRAMA DE DEVOLUCIÓN DE DERECHOS (PRODDER)","3"
"50001","30022","Espacio de Cultura del Agua","3"
"50002","30023","CULTURA DEL AGUA","3"
"50003","18019","Espacio Cultura del agua","3"
"50004","16091","PRODDER","3"
"50005","16016","PRODER","3"
"50006","16076","PRODDER (Programa de devolución de recurso)","3"
"50007","30064","ABC (AGUA, BOSQUES Y CUENCAS)","2"
"50008","16090","CULTURA DEL AGUA","3"
"50010","18002","cultura del agua","3"
"50011","18003","PROGRAMA AGUA LIMPIA 2016","3"
"50012","15025","DIAGNÓSTICO INTEGRAL DE PLANEACIÓN","1"
"50014","18001","PROAGUA","3"
"50015","18005","AGUA LIMPIA","3"
"50016","18005","PROAGUA","3"
"50017","18004","PROAGUA","3"
"50018","18013","PROAGUA","3"
"50019","18003","CULTURA DEL AGUA","3"
"50020","18006","CULTURA DEL AGUA","3"
"50021","18006","AGUA LIMPIA","3"
"50022","18007","AGUA LIMPIA","3"
"50023","18020","AGUA LIMPIA","3"
"50024","18020","CULTURA DEL AGUA","3"
"50025","18010","PROAGUA","3"
"50026","18011","ESPACIO CULTURA DEL AGUA ","3"
"50027","18011","AGUA LIMPIA","3"
"50028","18011","PROAGUA","3"
"50029","18015","PROAGUA","3"
"50030","18016","PROAGUA","3"
"50031","18008","ESPACIO CULTURA DEL AGUA","3"
"50032","18008","AGUA LIMPIA","3"
"50033","18008","PROAGUA","3"
"50034","18009","PROAGUA","3"
"50035","18012","AGUA LIMPIA","3"
"50036","18012","PROAGUA","3"
"50037","18014","ESPACIO CULTURA DEL AGUA","3"
"50038","18014","AGUA LIMPIA","3"
"50039","18014","PROAGUA","3"
"50040","18017","ESPACIO CULTURA DEL AGUA","3"
"50041","18017","PROAGUA","3"
"50042","18019","AGUA LIMPIA","3"
"50043","18019","PROAGUA","3"
"50044","18013","CULTURA DEL AGUA","3"
"50045","18013","AGUA LIMPIA","3"
"50046","15068","CAMBIO DE MATERIAL PARA DISTRIBUCIÓN","1"
"50047","14070","CONAGUA","3"
"50048","11019","Cultura del Agua","3"
"50049","11008","Cuidemos el Agua","1"
